,Ticker,Date,Time,Open,High,Low,Close,Volume,Open_Interest
1175084,BANKNIFTY04JUN2019300CE.NFO,2020-06-01,09:15:59,369.9,649.95,369.85,649.75,11300,66860
1175085,BANKNIFTY04JUN2019300CE.NFO,2020-06-01,09:16:59,643.15,689.9,642.15,653.45,17600,66860
1175086,BANKNIFTY04JUN2019300CE.NFO,2020-06-01,09:17:59,655.7,680.0,634.9,680.0,13620,66460
1175087,BANKNIFTY04JUN2019300CE.NFO,2020-06-01,09:18:59,678.9,769.6,678.9,729.1,17780,66460
1175088,BANKNIFTY04JUN2019300CE.NFO,2020-06-01,09:19:59,736.05,784.2,736.05,766.4,7800,66460
1175089,BANKNIFTY04JUN2019300CE.NFO,2020-06-01,09:20:59,774.55,829.7,764.1,808.0,26280,59060
1175090,BANKNIFTY04JUN2019300CE.NFO,2020-06-01,09:21:59,808.0,833.15,785.8,816.6,6940,59060
1175091,BANKNIFTY04JUN2019300CE.NFO,2020-06-01,09:22:59,829.3,829.3,767.95,772.85,4660,59060
1175092,BANKNIFTY04JUN2019300CE.NFO,2020-06-01,09:23:59,765.7,796.0,765.0,765.0,3500,69300
1175093,BANKNIFTY04JUN2019300CE.NFO,2020-06-01,09:24:59,761.4,790.85,761.4,774.95,8480,69300
1175094,BANKNIFTY04JUN2019300CE.NFO,2020-06-01,09:25:59,765.35,775.6,747.25,775.6,26960,69300
1175095,BANKNIFTY04JUN2019300CE.NFO,2020-06-01,09:26:59,778.85,792.0,768.7,792.0,20640,54120
1175096,BANKNIFTY04JUN2019300CE.NFO,2020-06-01,09:27:59,799.0,800.0,776.05,783.9,3380,54120
1175097,BANKNIFTY04JUN2019300CE.NFO,2020-06-01,09:28:59,783.9,790.9,769.25,770.0,4180,54120
1175098,BANKNIFTY04JUN2019300CE.NFO,2020-06-01,09:29:59,777.7,790.0,772.9,779.7,6500,54360
1175099,BANKNIFTY04JUN2019300CE.NFO,2020-06-01,09:30:59,779.7,808.4,779.7,802.1,2560,54360
1175100,BANKNIFTY04JUN2019300CE.NFO,2020-06-01,09:31:59,801.7,863.0,801.7,863.0,5520,54360
1175101,BANKNIFTY04JUN2019300CE.NFO,2020-06-01,09:32:59,874.8,888.9,847.65,880.0,5660,59400
1175102,BANKNIFTY04JUN2019300CE.NFO,2020-06-01,09:33:59,880.0,899.7,860.7,860.7,2340,59400
1175103,BANKNIFTY04JUN2019300CE.NFO,2020-06-01,09:34:59,874.75,890.4,865.0,865.0,1900,59400
1175104,BANKNIFTY04JUN2019300CE.NFO,2020-06-01,09:35:59,865.0,879.25,850.2,855.7,3120,57920
1175105,BANKNIFTY04JUN2019300CE.NFO,2020-06-01,09:36:59,862.0,867.85,841.55,849.25,1820,57920
1175106,BANKNIFTY04JUN2019300CE.NFO,2020-06-01,09:37:59,849.25,860.0,835.0,860.0,1160,57920
1175107,BANKNIFTY04JUN2019300CE.NFO,2020-06-01,09:38:59,860.0,869.0,851.45,853.2,420,54120
1175108,BANKNIFTY04JUN2019300CE.NFO,2020-06-01,09:39:59,863.0,897.95,859.4,869.25,800,54120
1175109,BANKNIFTY04JUN2019300CE.NFO,2020-06-01,09:40:59,869.25,895.0,869.25,878.3,840,54120
1175110,BANKNIFTY04JUN2019300CE.NFO,2020-06-01,09:41:59,878.3,881.15,866.0,873.5,3100,41280
1175111,BANKNIFTY04JUN2019300CE.NFO,2020-06-01,09:42:59,873.5,873.5,849.8,849.8,820,41280
1175112,BANKNIFTY04JUN2019300CE.NFO,2020-06-01,09:43:59,849.8,858.25,837.2,841.1,1920,41280
1175113,BANKNIFTY04JUN2019300CE.NFO,2020-06-01,09:44:59,841.1,851.6,841.1,851.55,260,37160
1175114,BANKNIFTY04JUN2019300CE.NFO,2020-06-01,09:45:59,859.85,869.95,848.7,848.7,240,37160
1175115,BANKNIFTY04JUN2019300CE.NFO,2020-06-01,09:46:59,848.7,848.7,837.0,847.75,220,37160
1175116,BANKNIFTY04JUN2019300CE.NFO,2020-06-01,09:47:59,847.75,865.65,847.75,853.0,460,36940
1175117,BANKNIFTY04JUN2019300CE.NFO,2020-06-01,09:48:59,853.0,853.0,846.2,847.0,560,36940
1175118,BANKNIFTY04JUN2019300CE.NFO,2020-06-01,09:49:59,847.0,858.1,847.0,854.75,800,36940
1175119,BANKNIFTY04JUN2019300CE.NFO,2020-06-01,09:50:59,854.75,859.3,842.6,842.6,340,36400
1175120,BANKNIFTY04JUN2019300CE.NFO,2020-06-01,09:51:59,857.9,867.65,854.85,864.0,280,36400
1175121,BANKNIFTY04JUN2019300CE.NFO,2020-06-01,09:52:59,859.7,859.7,851.4,851.4,620,36400
1175122,BANKNIFTY04JUN2019300CE.NFO,2020-06-01,09:53:59,851.4,865.15,840.65,858.0,360,36500
1175123,BANKNIFTY04JUN2019300CE.NFO,2020-06-01,09:54:59,858.0,893.05,858.0,874.95,1080,36500
1175124,BANKNIFTY04JUN2019300CE.NFO,2020-06-01,09:55:59,874.95,918.5,874.95,902.65,1400,36500
1175125,BANKNIFTY04JUN2019300CE.NFO,2020-06-01,09:56:59,902.65,902.65,867.65,867.65,460,35560
1175126,BANKNIFTY04JUN2019300CE.NFO,2020-06-01,09:57:59,867.65,888.55,867.65,877.3,400,35560
1175127,BANKNIFTY04JUN2019300CE.NFO,2020-06-01,09:58:59,870.75,888.85,870.0,879.35,320,35560
1175128,BANKNIFTY04JUN2019300CE.NFO,2020-06-01,09:59:59,879.35,902.2,879.35,902.2,160,35380
1175129,BANKNIFTY04JUN2019300CE.NFO,2020-06-01,10:00:59,902.2,943.05,897.2,927.9,1060,35380
1175130,BANKNIFTY04JUN2019300CE.NFO,2020-06-01,10:01:59,927.9,940.0,923.7,940.0,240,35380
1175131,BANKNIFTY04JUN2019300CE.NFO,2020-06-01,10:02:59,940.0,947.95,912.25,920.0,980,35440
1175132,BANKNIFTY04JUN2019300CE.NFO,2020-06-01,10:03:59,919.25,923.5,912.0,915.7,500,35440
1175133,BANKNIFTY04JUN2019300CE.NFO,2020-06-01,10:04:59,915.7,919.4,909.2,919.4,200,35440
1175134,BANKNIFTY04JUN2019300CE.NFO,2020-06-01,10:05:59,919.4,919.4,896.0,900.0,240,35040
1175135,BANKNIFTY04JUN2019300CE.NFO,2020-06-01,10:06:59,900.0,900.0,869.5,869.5,480,35040
1175136,BANKNIFTY04JUN2019300CE.NFO,2020-06-01,10:07:59,869.5,890.75,865.4,890.75,800,35040
1175137,BANKNIFTY04JUN2019300CE.NFO,2020-06-01,10:08:59,890.75,892.65,887.95,892.65,160,34480
1175138,BANKNIFTY04JUN2019300CE.NFO,2020-06-01,10:09:59,892.65,892.65,880.05,886.25,160,34480
1175139,BANKNIFTY04JUN2019300CE.NFO,2020-06-01,10:10:59,886.25,900.0,880.0,900.0,180,34480
1175140,BANKNIFTY04JUN2019300CE.NFO,2020-06-01,10:11:59,906.0,906.0,891.3,898.55,180,34340
1175141,BANKNIFTY04JUN2019300CE.NFO,2020-06-01,10:12:59,898.55,898.55,890.0,890.0,140,34340
1175142,BANKNIFTY04JUN2019300CE.NFO,2020-06-01,10:13:59,890.0,890.0,875.0,886.75,320,34340
1175143,BANKNIFTY04JUN2019300CE.NFO,2020-06-01,10:14:59,878.45,884.85,875.7,884.55,320,33760
1175144,BANKNIFTY04JUN2019300CE.NFO,2020-06-01,10:15:59,884.55,884.55,876.65,881.05,300,33760
1175145,BANKNIFTY04JUN2019300CE.NFO,2020-06-01,10:16:59,881.05,881.05,847.65,847.65,1320,33760
1175146,BANKNIFTY04JUN2019300CE.NFO,2020-06-01,10:17:59,847.65,855.45,847.65,853.1,240,33880
1175147,BANKNIFTY04JUN2019300CE.NFO,2020-06-01,10:18:59,853.1,853.2,830.65,830.65,1040,33880
1175148,BANKNIFTY04JUN2019300CE.NFO,2020-06-01,10:19:59,830.65,831.75,804.4,828.15,660,33880
1175149,BANKNIFTY04JUN2019300CE.NFO,2020-06-01,10:20:59,828.15,844.25,825.0,830.0,600,33900
1175150,BANKNIFTY04JUN2019300CE.NFO,2020-06-01,10:21:59,830.0,830.0,815.0,815.3,480,33900
1175151,BANKNIFTY04JUN2019300CE.NFO,2020-06-01,10:22:59,815.3,831.75,810.0,831.75,200,33900
1175152,BANKNIFTY04JUN2019300CE.NFO,2020-06-01,10:23:59,831.75,850.0,831.75,848.3,220,33900
1175153,BANKNIFTY04JUN2019300CE.NFO,2020-06-01,10:24:59,848.3,848.3,827.05,829.75,280,33720
1175154,BANKNIFTY04JUN2019300CE.NFO,2020-06-01,10:25:59,829.75,832.95,820.2,832.95,140,33720
1175155,BANKNIFTY04JUN2019300CE.NFO,2020-06-01,10:26:59,832.95,839.45,832.95,833.0,80,33800
1175156,BANKNIFTY04JUN2019300CE.NFO,2020-06-01,10:27:59,833.0,833.0,823.65,829.9,300,33800
1175157,BANKNIFTY04JUN2019300CE.NFO,2020-06-01,10:28:59,829.9,840.65,829.9,840.65,100,33800
1175158,BANKNIFTY04JUN2019300CE.NFO,2020-06-01,10:29:59,840.65,873.2,840.65,859.35,2120,33580
1175159,BANKNIFTY04JUN2019300CE.NFO,2020-06-01,10:30:59,859.35,863.45,857.65,857.65,220,33580
1175160,BANKNIFTY04JUN2019300CE.NFO,2020-06-01,10:31:59,857.65,864.5,853.35,864.5,180,33580
1175161,BANKNIFTY04JUN2019300CE.NFO,2020-06-01,10:32:59,864.5,864.5,853.45,853.45,160,33400
1175162,BANKNIFTY04JUN2019300CE.NFO,2020-06-01,10:33:59,853.45,854.75,829.95,829.95,320,33400
1175163,BANKNIFTY04JUN2019300CE.NFO,2020-06-01,10:34:59,829.95,848.95,829.95,846.55,400,33400
1175164,BANKNIFTY04JUN2019300CE.NFO,2020-06-01,10:35:59,846.55,846.55,819.15,830.0,460,33780
1175165,BANKNIFTY04JUN2019300CE.NFO,2020-06-01,10:36:59,830.0,830.0,811.25,813.45,660,33780
1175166,BANKNIFTY04JUN2019300CE.NFO,2020-06-01,10:37:59,813.45,826.6,806.9,826.6,420,33780
1175167,BANKNIFTY04JUN2019300CE.NFO,2020-06-01,10:38:59,826.6,827.95,826.35,827.95,200,33580
1175168,BANKNIFTY04JUN2019300CE.NFO,2020-06-01,10:39:59,827.95,835.7,827.95,835.7,140,33580
1175169,BANKNIFTY04JUN2019300CE.NFO,2020-06-01,10:40:59,835.7,844.95,835.7,838.5,80,33580
1175170,BANKNIFTY04JUN2019300CE.NFO,2020-06-01,10:41:59,838.5,838.5,838.5,838.5,80,33640
1175171,BANKNIFTY04JUN2019300CE.NFO,2020-06-01,10:42:59,838.5,838.5,834.2,834.2,20,33640
1175172,BANKNIFTY04JUN2019300CE.NFO,2020-06-01,10:43:59,834.2,834.2,831.65,831.65,20,33640
1175173,BANKNIFTY04JUN2019300CE.NFO,2020-06-01,10:44:59,831.65,852.4,831.65,852.4,340,33480
1175174,BANKNIFTY04JUN2019300CE.NFO,2020-06-01,10:45:59,852.4,862.6,850.6,862.6,500,33480
1175175,BANKNIFTY04JUN2019300CE.NFO,2020-06-01,10:46:59,862.6,864.35,841.05,847.25,700,33480
1175176,BANKNIFTY04JUN2019300CE.NFO,2020-06-01,10:47:59,847.25,848.2,837.35,844.75,620,33420
1175177,BANKNIFTY04JUN2019300CE.NFO,2020-06-01,10:48:59,844.75,850.0,844.75,844.85,80,33420
1175178,BANKNIFTY04JUN2019300CE.NFO,2020-06-01,10:49:59,844.85,844.85,843.8,843.8,20,33420
1175179,BANKNIFTY04JUN2019300CE.NFO,2020-06-01,10:50:59,843.8,864.8,843.8,857.5,380,33540
1175180,BANKNIFTY04JUN2019300CE.NFO,2020-06-01,10:51:59,857.5,883.5,857.5,877.75,1000,33540
1175181,BANKNIFTY04JUN2019300CE.NFO,2020-06-01,10:52:59,877.75,899.0,877.75,888.65,580,33540
1175182,BANKNIFTY04JUN2019300CE.NFO,2020-06-01,10:53:59,888.65,888.65,876.45,886.0,420,33200
1175183,BANKNIFTY04JUN2019300CE.NFO,2020-06-01,10:54:59,886.0,886.0,875.3,877.95,520,33200
1175184,BANKNIFTY04JUN2019300CE.NFO,2020-06-01,10:55:59,877.95,877.95,865.15,865.15,220,33200
1175185,BANKNIFTY04JUN2019300CE.NFO,2020-06-01,10:56:59,865.15,865.4,860.7,865.4,380,33300
1175186,BANKNIFTY04JUN2019300CE.NFO,2020-06-01,10:57:59,865.4,865.4,854.2,859.4,100,33300
1175187,BANKNIFTY04JUN2019300CE.NFO,2020-06-01,10:58:59,859.4,861.45,853.5,860.2,100,33300
1175188,BANKNIFTY04JUN2019300CE.NFO,2020-06-01,10:59:59,860.2,879.5,860.2,879.5,240,33380
1175189,BANKNIFTY04JUN2019300CE.NFO,2020-06-01,11:00:59,879.5,879.5,865.95,865.95,340,33380
1175190,BANKNIFTY04JUN2019300CE.NFO,2020-06-01,11:01:59,865.95,865.95,846.55,848.3,340,33380
1175191,BANKNIFTY04JUN2019300CE.NFO,2020-06-01,11:02:59,848.3,848.3,835.5,841.15,820,33780
1175192,BANKNIFTY04JUN2019300CE.NFO,2020-06-01,11:03:59,841.15,850.1,841.15,846.6,340,33780
1175193,BANKNIFTY04JUN2019300CE.NFO,2020-06-01,11:04:59,846.6,853.65,846.6,853.65,120,33780
1175194,BANKNIFTY04JUN2019300CE.NFO,2020-06-01,11:05:59,853.65,853.65,841.0,848.0,180,33580
1175195,BANKNIFTY04JUN2019300CE.NFO,2020-06-01,11:06:59,850.0,857.8,849.25,857.8,280,33580
1175196,BANKNIFTY04JUN2019300CE.NFO,2020-06-01,11:07:59,857.8,857.8,853.45,856.35,40,33580
1175197,BANKNIFTY04JUN2019300CE.NFO,2020-06-01,11:08:59,856.35,858.8,856.35,858.8,60,33340
1175198,BANKNIFTY04JUN2019300CE.NFO,2020-06-01,11:09:59,858.8,874.15,858.8,872.3,340,33340
1175199,BANKNIFTY04JUN2019300CE.NFO,2020-06-01,11:10:59,872.5,872.5,861.6,861.6,120,33340
1175200,BANKNIFTY04JUN2019300CE.NFO,2020-06-01,11:11:59,861.6,861.6,850.0,852.85,300,33360
1175201,BANKNIFTY04JUN2019300CE.NFO,2020-06-01,11:12:59,852.85,852.85,852.0,852.0,20,33360
1175202,BANKNIFTY04JUN2019300CE.NFO,2020-06-01,11:13:59,852.0,856.2,851.65,851.65,40,33360
1175203,BANKNIFTY04JUN2019300CE.NFO,2020-06-01,11:14:59,851.65,851.65,838.05,844.4,620,33460
1175204,BANKNIFTY04JUN2019300CE.NFO,2020-06-01,11:15:59,844.4,847.7,843.95,847.7,80,33460
1175205,BANKNIFTY04JUN2019300CE.NFO,2020-06-01,11:16:59,847.7,855.8,847.7,855.8,160,33460
1175206,BANKNIFTY04JUN2019300CE.NFO,2020-06-01,11:17:59,855.8,855.8,843.25,846.05,500,33420
1175207,BANKNIFTY04JUN2019300CE.NFO,2020-06-01,11:18:59,846.05,853.0,846.05,853.0,60,33420
1175208,BANKNIFTY04JUN2019300CE.NFO,2020-06-01,11:19:59,853.0,858.5,853.0,855.15,100,33420
1175209,BANKNIFTY04JUN2019300CE.NFO,2020-06-01,11:20:59,855.15,868.3,855.15,868.3,280,33420
1175210,BANKNIFTY04JUN2019300CE.NFO,2020-06-01,11:21:59,868.3,868.3,861.8,865.0,360,33420
1175211,BANKNIFTY04JUN2019300CE.NFO,2020-06-01,11:23:59,865.0,865.0,861.55,862.8,320,33500
1175212,BANKNIFTY04JUN2019300CE.NFO,2020-06-01,11:24:59,862.8,863.85,858.75,863.85,40,33500
1175213,BANKNIFTY04JUN2019300CE.NFO,2020-06-01,11:25:59,863.85,880.0,863.85,875.1,700,33500
1175214,BANKNIFTY04JUN2019300CE.NFO,2020-06-01,11:26:59,875.1,876.0,865.0,865.0,120,33420
1175215,BANKNIFTY04JUN2019300CE.NFO,2020-06-01,11:27:59,865.0,871.1,865.0,871.1,40,33420
1175216,BANKNIFTY04JUN2019300CE.NFO,2020-06-01,11:28:59,871.1,871.1,842.95,855.15,240,33420
1175217,BANKNIFTY04JUN2019300CE.NFO,2020-06-01,11:29:59,855.15,864.0,855.15,864.0,80,33480
1175218,BANKNIFTY04JUN2019300CE.NFO,2020-06-01,11:30:59,864.3,870.0,864.3,865.8,140,33480
1175219,BANKNIFTY04JUN2019300CE.NFO,2020-06-01,11:32:59,865.8,865.8,853.0,855.95,320,33540
1175220,BANKNIFTY04JUN2019300CE.NFO,2020-06-01,11:33:59,855.95,863.0,855.95,863.0,300,33540
1175221,BANKNIFTY04JUN2019300CE.NFO,2020-06-01,11:34:59,863.0,863.0,854.7,855.05,200,33540
1175222,BANKNIFTY04JUN2019300CE.NFO,2020-06-01,11:35:59,855.05,863.5,855.05,863.5,20,33280
1175223,BANKNIFTY04JUN2019300CE.NFO,2020-06-01,11:36:59,863.5,919.45,863.5,903.2,1040,33280
1175224,BANKNIFTY04JUN2019300CE.NFO,2020-06-01,11:37:59,903.2,906.35,896.6,906.35,200,33280
1175225,BANKNIFTY04JUN2019300CE.NFO,2020-06-01,11:38:59,906.35,906.35,885.7,892.0,200,33280
1175226,BANKNIFTY04JUN2019300CE.NFO,2020-06-01,11:39:59,892.0,892.0,885.0,885.65,300,33160
1175227,BANKNIFTY04JUN2019300CE.NFO,2020-06-01,11:40:59,885.65,890.0,885.65,889.85,480,33160
1175228,BANKNIFTY04JUN2019300CE.NFO,2020-06-01,11:41:59,889.85,905.3,887.45,887.45,900,33220
1175229,BANKNIFTY04JUN2019300CE.NFO,2020-06-01,11:42:59,887.45,887.45,882.55,882.55,20,33220
1175230,BANKNIFTY04JUN2019300CE.NFO,2020-06-01,11:43:59,882.55,892.55,882.55,891.6,140,33220
1175231,BANKNIFTY04JUN2019300CE.NFO,2020-06-01,11:44:59,891.6,903.65,891.6,901.65,240,33560
1175232,BANKNIFTY04JUN2019300CE.NFO,2020-06-01,11:45:59,901.65,938.5,901.65,919.7,1400,33560
1175233,BANKNIFTY04JUN2019300CE.NFO,2020-06-01,11:46:59,919.7,920.6,909.9,909.9,300,33560
1175234,BANKNIFTY04JUN2019300CE.NFO,2020-06-01,11:47:59,909.9,909.9,887.7,892.4,240,33560
1175235,BANKNIFTY04JUN2019300CE.NFO,2020-06-01,11:48:59,892.4,896.25,891.8,891.8,200,33180
1175236,BANKNIFTY04JUN2019300CE.NFO,2020-06-01,11:49:59,891.8,891.8,875.7,877.95,500,33180
1175237,BANKNIFTY04JUN2019300CE.NFO,2020-06-01,11:50:59,877.95,877.95,864.7,877.0,840,33180
1175238,BANKNIFTY04JUN2019300CE.NFO,2020-06-01,11:51:59,877.0,886.9,875.0,883.0,440,33060
1175239,BANKNIFTY04JUN2019300CE.NFO,2020-06-01,11:52:59,883.0,883.85,883.0,883.85,100,33060
1175240,BANKNIFTY04JUN2019300CE.NFO,2020-06-01,11:55:59,883.85,888.55,883.85,888.55,60,33420
1175241,BANKNIFTY04JUN2019300CE.NFO,2020-06-01,11:56:59,888.55,903.45,888.55,902.75,320,33420
1175242,BANKNIFTY04JUN2019300CE.NFO,2020-06-01,11:57:59,902.75,904.6,894.3,897.0,100,33480
1175243,BANKNIFTY04JUN2019300CE.NFO,2020-06-01,11:58:59,897.0,897.0,891.85,891.85,20,33480
1175244,BANKNIFTY04JUN2019300CE.NFO,2020-06-01,11:59:59,891.85,891.85,881.05,885.95,60,33480
1175245,BANKNIFTY04JUN2019300CE.NFO,2020-06-01,12:00:59,885.95,910.0,885.95,906.8,220,33320
1175246,BANKNIFTY04JUN2019300CE.NFO,2020-06-01,12:01:59,906.8,906.8,888.7,892.4,400,33320
1175247,BANKNIFTY04JUN2019300CE.NFO,2020-06-01,12:02:59,892.4,892.65,892.25,892.65,60,33320
1175248,BANKNIFTY04JUN2019300CE.NFO,2020-06-01,12:04:59,892.65,895.9,892.05,895.9,180,33140
1175249,BANKNIFTY04JUN2019300CE.NFO,2020-06-01,12:05:59,895.9,896.6,890.5,896.6,100,33140
1175250,BANKNIFTY04JUN2019300CE.NFO,2020-06-01,12:06:59,896.6,915.95,896.6,910.25,260,32940
1175251,BANKNIFTY04JUN2019300CE.NFO,2020-06-01,12:07:59,910.25,918.95,907.75,913.7,400,32940
1175252,BANKNIFTY04JUN2019300CE.NFO,2020-06-01,12:08:59,913.7,934.8,913.7,925.35,1380,32660
1175253,BANKNIFTY04JUN2019300CE.NFO,2020-06-01,12:09:59,925.35,973.75,925.35,957.4,3200,32660
1175254,BANKNIFTY04JUN2019300CE.NFO,2020-06-01,12:10:59,957.4,957.4,931.75,940.05,460,32660
1175255,BANKNIFTY04JUN2019300CE.NFO,2020-06-01,12:11:59,940.05,945.05,931.0,944.75,140,33160
1175256,BANKNIFTY04JUN2019300CE.NFO,2020-06-01,12:12:59,944.75,960.0,944.75,957.5,580,33160
1175257,BANKNIFTY04JUN2019300CE.NFO,2020-06-01,12:13:59,957.5,957.5,938.85,947.8,300,33160
1175258,BANKNIFTY04JUN2019300CE.NFO,2020-06-01,12:14:59,957.5,960.0,950.05,950.05,660,33120
1175259,BANKNIFTY04JUN2019300CE.NFO,2020-06-01,12:15:59,950.05,1053.25,950.05,1000.0,2700,33120
1175260,BANKNIFTY04JUN2019300CE.NFO,2020-06-01,12:16:59,1000.0,1028.45,1000.0,1025.0,580,33120
1175261,BANKNIFTY04JUN2019300CE.NFO,2020-06-01,12:17:59,1025.0,1058.35,1025.0,1033.5,560,33080
1175262,BANKNIFTY04JUN2019300CE.NFO,2020-06-01,12:18:59,1033.5,1052.0,1033.3,1040.2,120,33080
1175263,BANKNIFTY04JUN2019300CE.NFO,2020-06-01,12:19:59,1040.2,1040.2,984.0,1011.0,940,33080
1175264,BANKNIFTY04JUN2019300CE.NFO,2020-06-01,12:20:59,1011.0,1021.0,998.0,998.0,460,32980
1175265,BANKNIFTY04JUN2019300CE.NFO,2020-06-01,12:21:59,998.0,1000.55,990.0,990.0,100,32980
1175266,BANKNIFTY04JUN2019300CE.NFO,2020-06-01,12:22:59,983.65,1000.0,983.65,1000.0,60,32980
1175267,BANKNIFTY04JUN2019300CE.NFO,2020-06-01,12:23:59,1000.0,1000.0,1000.0,1000.0,20,32980
1175268,BANKNIFTY04JUN2019300CE.NFO,2020-06-01,12:24:59,1000.0,1005.0,1000.0,1005.0,20,33120
1175269,BANKNIFTY04JUN2019300CE.NFO,2020-06-01,12:25:59,1005.0,1008.0,998.4,1007.0,140,33120
1175270,BANKNIFTY04JUN2019300CE.NFO,2020-06-01,12:26:59,1007.0,1007.0,992.65,996.35,80,33040
1175271,BANKNIFTY04JUN2019300CE.NFO,2020-06-01,12:27:59,996.35,996.35,950.0,961.2,1320,33040
1175272,BANKNIFTY04JUN2019300CE.NFO,2020-06-01,12:28:59,961.2,961.2,939.9,939.9,240,33040
1175273,BANKNIFTY04JUN2019300CE.NFO,2020-06-01,12:29:59,939.9,959.75,939.9,959.75,40,33040
1175274,BANKNIFTY04JUN2019300CE.NFO,2020-06-01,12:30:59,959.75,965.2,959.75,965.2,20,31620
1175275,BANKNIFTY04JUN2019300CE.NFO,2020-06-01,12:31:59,965.2,965.2,940.95,940.95,260,31620
1175276,BANKNIFTY04JUN2019300CE.NFO,2020-06-01,12:32:59,940.95,961.25,940.95,955.0,240,31100
1175277,BANKNIFTY04JUN2019300CE.NFO,2020-06-01,12:33:59,955.0,973.35,955.0,956.25,340,31100
1175278,BANKNIFTY04JUN2019300CE.NFO,2020-06-01,12:34:59,956.25,957.0,947.3,953.45,1260,31100
1175279,BANKNIFTY04JUN2019300CE.NFO,2020-06-01,12:36:59,953.45,954.0,951.0,954.0,40,30940
1175280,BANKNIFTY04JUN2019300CE.NFO,2020-06-01,12:37:59,954.0,957.2,949.8,952.75,340,30940
1175281,BANKNIFTY04JUN2019300CE.NFO,2020-06-01,12:38:59,952.75,952.75,948.6,948.6,200,30940
1175282,BANKNIFTY04JUN2019300CE.NFO,2020-06-01,12:39:59,949.0,960.8,944.7,960.8,360,30860
1175283,BANKNIFTY04JUN2019300CE.NFO,2020-06-01,12:40:59,960.8,960.8,925.0,936.05,240,30860
1175284,BANKNIFTY04JUN2019300CE.NFO,2020-06-01,12:41:59,936.05,936.05,930.0,930.0,20,30780
1175285,BANKNIFTY04JUN2019300CE.NFO,2020-06-01,12:42:59,930.0,939.3,930.0,938.7,40,30780
1175286,BANKNIFTY04JUN2019300CE.NFO,2020-06-01,12:43:59,942.8,942.8,884.8,884.8,640,30780
1175287,BANKNIFTY04JUN2019300CE.NFO,2020-06-01,12:44:59,880.0,898.45,869.45,893.15,320,30780
1175288,BANKNIFTY04JUN2019300CE.NFO,2020-06-01,12:45:59,893.15,901.75,893.1,893.1,200,31100
1175289,BANKNIFTY04JUN2019300CE.NFO,2020-06-01,12:46:59,893.1,894.5,893.1,894.5,20,31100
1175290,BANKNIFTY04JUN2019300CE.NFO,2020-06-01,12:47:59,894.5,900.0,894.5,900.0,20,31100
1175291,BANKNIFTY04JUN2019300CE.NFO,2020-06-01,12:48:59,900.0,900.0,897.85,897.85,80,31060
1175292,BANKNIFTY04JUN2019300CE.NFO,2020-06-01,12:50:59,897.85,897.85,887.35,892.4,920,31060
1175293,BANKNIFTY04JUN2019300CE.NFO,2020-06-01,12:51:59,892.4,946.2,892.4,925.45,400,30480
1175294,BANKNIFTY04JUN2019300CE.NFO,2020-06-01,12:52:59,925.45,931.9,925.45,931.9,20,30480
1175295,BANKNIFTY04JUN2019300CE.NFO,2020-06-01,12:53:59,931.9,948.7,931.9,943.85,140,30480
1175296,BANKNIFTY04JUN2019300CE.NFO,2020-06-01,12:54:59,943.85,953.0,943.85,950.4,80,30100
1175297,BANKNIFTY04JUN2019300CE.NFO,2020-06-01,12:55:59,950.4,950.4,944.0,945.85,40,30100
1175298,BANKNIFTY04JUN2019300CE.NFO,2020-06-01,12:56:59,945.85,957.9,945.85,955.4,200,30100
1175299,BANKNIFTY04JUN2019300CE.NFO,2020-06-01,12:57:59,955.4,955.4,953.0,953.0,60,30080
1175300,BANKNIFTY04JUN2019300CE.NFO,2020-06-01,12:58:59,953.0,953.0,945.8,945.8,200,30080
1175301,BANKNIFTY04JUN2019300CE.NFO,2020-06-01,13:00:59,945.8,950.0,945.8,950.0,40,30120
1175302,BANKNIFTY04JUN2019300CE.NFO,2020-06-01,13:01:59,950.0,950.0,930.0,930.0,20,30120
1175303,BANKNIFTY04JUN2019300CE.NFO,2020-06-01,13:02:59,930.0,932.6,930.0,932.6,140,30120
1175304,BANKNIFTY04JUN2019300CE.NFO,2020-06-01,13:03:59,932.6,932.6,922.05,930.75,80,30100
1175305,BANKNIFTY04JUN2019300CE.NFO,2020-06-01,13:04:59,930.75,953.4,930.75,953.4,40,30100
1175306,BANKNIFTY04JUN2019300CE.NFO,2020-06-01,13:05:59,953.4,953.4,939.75,940.3,100,30100
1175307,BANKNIFTY04JUN2019300CE.NFO,2020-06-01,13:06:59,940.3,940.3,930.75,930.75,60,30100
1175308,BANKNIFTY04JUN2019300CE.NFO,2020-06-01,13:07:59,930.75,945.0,930.75,945.0,40,30100
1175309,BANKNIFTY04JUN2019300CE.NFO,2020-06-01,13:10:59,945.0,955.5,945.0,955.5,120,29880
1175310,BANKNIFTY04JUN2019300CE.NFO,2020-06-01,13:11:59,955.5,955.5,940.1,944.0,200,29880
1175311,BANKNIFTY04JUN2019300CE.NFO,2020-06-01,13:14:59,944.0,944.0,940.1,940.1,100,29860
1175312,BANKNIFTY04JUN2019300CE.NFO,2020-06-01,13:15:59,940.1,940.1,933.1,933.1,60,29960
1175313,BANKNIFTY04JUN2019300CE.NFO,2020-06-01,13:16:59,933.1,940.05,933.1,940.05,20,29960
1175314,BANKNIFTY04JUN2019300CE.NFO,2020-06-01,13:19:59,940.05,940.1,940.05,940.1,180,29940
1175315,BANKNIFTY04JUN2019300CE.NFO,2020-06-01,13:20:59,940.1,940.4,940.1,940.1,40,29940
1175316,BANKNIFTY04JUN2019300CE.NFO,2020-06-01,13:22:59,940.1,940.1,916.8,917.05,300,30020
1175317,BANKNIFTY04JUN2019300CE.NFO,2020-06-01,13:23:59,917.05,921.0,917.05,921.0,80,30020
1175318,BANKNIFTY04JUN2019300CE.NFO,2020-06-01,13:24:59,921.0,925.45,913.85,913.85,80,29880
1175319,BANKNIFTY04JUN2019300CE.NFO,2020-06-01,13:25:59,913.85,919.6,894.55,902.6,320,29880
1175320,BANKNIFTY04JUN2019300CE.NFO,2020-06-01,13:26:59,902.6,910.0,902.6,910.0,20,29880
1175321,BANKNIFTY04JUN2019300CE.NFO,2020-06-01,13:27:59,910.0,940.0,910.0,940.0,120,29820
1175322,BANKNIFTY04JUN2019300CE.NFO,2020-06-01,13:28:59,940.0,950.1,940.0,947.6,120,29820
1175323,BANKNIFTY04JUN2019300CE.NFO,2020-06-01,13:29:59,947.6,947.6,937.0,944.7,80,29820
1175324,BANKNIFTY04JUN2019300CE.NFO,2020-06-01,13:30:59,944.7,944.7,940.35,940.35,20,29700
1175325,BANKNIFTY04JUN2019300CE.NFO,2020-06-01,13:31:59,940.35,942.05,940.35,942.05,40,29700
1175326,BANKNIFTY04JUN2019300CE.NFO,2020-06-01,13:32:59,942.05,950.0,941.45,942.65,240,29700
1175327,BANKNIFTY04JUN2019300CE.NFO,2020-06-01,13:33:59,942.65,953.15,942.65,953.15,120,29760
1175328,BANKNIFTY04JUN2019300CE.NFO,2020-06-01,13:36:59,953.15,953.15,920.15,925.9,640,29880
1175329,BANKNIFTY04JUN2019300CE.NFO,2020-06-01,13:37:59,925.9,930.1,900.0,900.0,240,29880
1175330,BANKNIFTY04JUN2019300CE.NFO,2020-06-01,13:38:59,900.0,900.0,840.0,840.0,1080,29880
1175331,BANKNIFTY04JUN2019300CE.NFO,2020-06-01,13:39:59,843.05,858.8,820.0,820.0,440,30020
1175332,BANKNIFTY04JUN2019300CE.NFO,2020-06-01,13:40:59,820.0,820.0,780.0,782.95,660,30020
1175333,BANKNIFTY04JUN2019300CE.NFO,2020-06-01,13:41:59,799.8,806.8,786.0,806.8,380,30020
1175334,BANKNIFTY04JUN2019300CE.NFO,2020-06-01,13:42:59,806.8,806.8,783.8,801.45,340,29840
1175335,BANKNIFTY04JUN2019300CE.NFO,2020-06-01,13:43:59,801.45,824.95,801.45,814.7,420,29840
1175336,BANKNIFTY04JUN2019300CE.NFO,2020-06-01,13:44:59,814.7,814.7,800.0,800.0,120,29840
1175337,BANKNIFTY04JUN2019300CE.NFO,2020-06-01,13:45:59,800.0,800.0,748.7,748.7,920,29880
1175338,BANKNIFTY04JUN2019300CE.NFO,2020-06-01,13:46:59,751.4,751.4,705.0,722.25,2080,29880
1175339,BANKNIFTY04JUN2019300CE.NFO,2020-06-01,13:47:59,722.25,725.0,712.0,721.75,240,29880
1175340,BANKNIFTY04JUN2019300CE.NFO,2020-06-01,13:48:59,721.75,747.0,716.3,725.8,460,28480
1175341,BANKNIFTY04JUN2019300CE.NFO,2020-06-01,13:49:59,725.8,780.95,723.25,767.05,780,28480
1175342,BANKNIFTY04JUN2019300CE.NFO,2020-06-01,13:50:59,767.05,767.05,736.55,736.55,180,28480
1175343,BANKNIFTY04JUN2019300CE.NFO,2020-06-01,13:51:59,736.55,763.9,736.55,763.9,160,28700
1175344,BANKNIFTY04JUN2019300CE.NFO,2020-06-01,13:52:59,763.9,763.9,743.75,743.75,340,28700
1175345,BANKNIFTY04JUN2019300CE.NFO,2020-06-01,13:53:59,743.75,743.75,719.05,725.1,140,28700
1175346,BANKNIFTY04JUN2019300CE.NFO,2020-06-01,13:54:59,725.1,731.5,708.0,731.5,560,28980
1175347,BANKNIFTY04JUN2019300CE.NFO,2020-06-01,13:55:59,731.5,734.5,723.1,734.5,140,28980
1175348,BANKNIFTY04JUN2019300CE.NFO,2020-06-01,13:56:59,734.5,762.35,734.5,762.35,100,28980
1175349,BANKNIFTY04JUN2019300CE.NFO,2020-06-01,13:57:59,762.35,789.95,756.2,789.95,200,29040
1175350,BANKNIFTY04JUN2019300CE.NFO,2020-06-01,13:58:59,789.95,789.95,747.5,757.2,140,29040
1175351,BANKNIFTY04JUN2019300CE.NFO,2020-06-01,13:59:59,757.2,760.55,757.2,760.55,100,29040
1175352,BANKNIFTY04JUN2019300CE.NFO,2020-06-01,14:00:59,760.55,800.0,760.55,785.0,440,29260
1175353,BANKNIFTY04JUN2019300CE.NFO,2020-06-01,14:01:59,785.0,785.0,779.0,780.85,80,29260
1175354,BANKNIFTY04JUN2019300CE.NFO,2020-06-01,14:02:59,780.85,780.85,775.0,775.0,660,29260
1175355,BANKNIFTY04JUN2019300CE.NFO,2020-06-01,14:03:59,775.0,775.05,775.0,775.05,20,29260
1175356,BANKNIFTY04JUN2019300CE.NFO,2020-06-01,14:04:59,775.05,775.05,741.85,741.85,120,29080
1175357,BANKNIFTY04JUN2019300CE.NFO,2020-06-01,14:05:59,741.85,741.85,709.2,720.0,700,29080
1175358,BANKNIFTY04JUN2019300CE.NFO,2020-06-01,14:06:59,720.0,737.9,720.0,735.0,140,28640
1175359,BANKNIFTY04JUN2019300CE.NFO,2020-06-01,14:07:59,735.0,745.0,735.0,744.35,100,28640
1175360,BANKNIFTY04JUN2019300CE.NFO,2020-06-01,14:08:59,744.35,754.3,744.35,748.5,360,28640
1175361,BANKNIFTY04JUN2019300CE.NFO,2020-06-01,14:09:59,748.5,757.25,730.0,730.0,260,28400
1175362,BANKNIFTY04JUN2019300CE.NFO,2020-06-01,14:10:59,730.0,736.55,730.0,736.55,20,28400
1175363,BANKNIFTY04JUN2019300CE.NFO,2020-06-01,14:11:59,736.55,743.5,735.15,735.15,140,28400
1175364,BANKNIFTY04JUN2019300CE.NFO,2020-06-01,14:12:59,735.15,737.05,730.0,730.45,560,27840
1175365,BANKNIFTY04JUN2019300CE.NFO,2020-06-01,14:13:59,730.45,734.95,720.0,734.95,100,27840
1175366,BANKNIFTY04JUN2019300CE.NFO,2020-06-01,14:14:59,734.95,750.0,734.95,750.0,100,27840
1175367,BANKNIFTY04JUN2019300CE.NFO,2020-06-01,14:15:59,750.0,750.0,716.05,716.05,60,27820
1175368,BANKNIFTY04JUN2019300CE.NFO,2020-06-01,14:17:59,716.05,744.05,716.05,744.05,20,27820
1175369,BANKNIFTY04JUN2019300CE.NFO,2020-06-01,14:18:59,736.0,736.0,726.35,726.35,40,27660
1175370,BANKNIFTY04JUN2019300CE.NFO,2020-06-01,14:19:59,726.35,744.25,726.35,744.25,20,27660
1175371,BANKNIFTY04JUN2019300CE.NFO,2020-06-01,14:20:59,744.25,766.2,732.9,766.2,100,27660
1175372,BANKNIFTY04JUN2019300CE.NFO,2020-06-01,14:21:59,766.2,800.0,766.2,788.0,600,27620
1175373,BANKNIFTY04JUN2019300CE.NFO,2020-06-01,14:22:59,788.0,788.0,780.0,780.0,20,27620
1175374,BANKNIFTY04JUN2019300CE.NFO,2020-06-01,14:23:59,780.0,781.65,779.5,779.5,80,27620
1175375,BANKNIFTY04JUN2019300CE.NFO,2020-06-01,14:24:59,779.5,781.3,779.5,781.3,40,27520
1175376,BANKNIFTY04JUN2019300CE.NFO,2020-06-01,14:26:59,781.3,800.0,781.3,800.0,80,27520
1175377,BANKNIFTY04JUN2019300CE.NFO,2020-06-01,14:27:59,800.0,829.3,800.0,811.25,600,27760
1175378,BANKNIFTY04JUN2019300CE.NFO,2020-06-01,14:28:59,811.25,818.25,808.5,808.5,180,27760
1175379,BANKNIFTY04JUN2019300CE.NFO,2020-06-01,14:29:59,808.5,812.6,797.0,810.0,220,27760
1175380,BANKNIFTY04JUN2019300CE.NFO,2020-06-01,14:30:59,814.9,815.0,809.25,809.25,120,27400
1175381,BANKNIFTY04JUN2019300CE.NFO,2020-06-01,14:31:59,809.25,809.25,808.65,808.65,400,27400
1175382,BANKNIFTY04JUN2019300CE.NFO,2020-06-01,14:32:59,808.65,826.05,808.65,826.05,280,27400
1175383,BANKNIFTY04JUN2019300CE.NFO,2020-06-01,14:33:59,826.05,868.45,826.05,858.35,640,26540
1175384,BANKNIFTY04JUN2019300CE.NFO,2020-06-01,14:34:59,858.35,872.85,854.25,859.9,140,26540
1175385,BANKNIFTY04JUN2019300CE.NFO,2020-06-01,14:35:59,859.9,859.9,831.0,831.0,100,26540
1175386,BANKNIFTY04JUN2019300CE.NFO,2020-06-01,14:36:59,831.0,831.0,829.9,830.0,600,26680
1175387,BANKNIFTY04JUN2019300CE.NFO,2020-06-01,14:38:59,833.45,833.45,833.45,833.45,200,26680
1175388,BANKNIFTY04JUN2019300CE.NFO,2020-06-01,14:39:59,833.45,850.0,833.45,849.95,60,26440
1175389,BANKNIFTY04JUN2019300CE.NFO,2020-06-01,14:40:59,849.95,849.95,830.0,837.6,140,26440
1175390,BANKNIFTY04JUN2019300CE.NFO,2020-06-01,14:41:59,837.6,837.6,821.75,821.75,20,26440
1175391,BANKNIFTY04JUN2019300CE.NFO,2020-06-01,14:42:59,821.75,831.8,790.0,799.9,140,26420
1175392,BANKNIFTY04JUN2019300CE.NFO,2020-06-01,14:43:59,799.9,799.9,790.5,794.65,120,26420
1175393,BANKNIFTY04JUN2019300CE.NFO,2020-06-01,14:44:59,789.6,801.1,789.6,793.2,120,26420
1175394,BANKNIFTY04JUN2019300CE.NFO,2020-06-01,14:45:59,793.2,827.5,793.2,823.35,140,26420
1175395,BANKNIFTY04JUN2019300CE.NFO,2020-06-01,14:48:59,823.35,823.35,823.35,823.35,40,26420
1175396,BANKNIFTY04JUN2019300CE.NFO,2020-06-01,14:49:59,823.35,850.0,823.35,850.0,40,26200
1175397,BANKNIFTY04JUN2019300CE.NFO,2020-06-01,14:50:59,850.0,860.0,850.0,860.0,20,26200
1175398,BANKNIFTY04JUN2019300CE.NFO,2020-06-01,14:51:59,860.0,860.0,831.35,831.35,60,26220
1175399,BANKNIFTY04JUN2019300CE.NFO,2020-06-01,14:52:59,831.35,833.1,831.35,833.1,40,26220
1175400,BANKNIFTY04JUN2019300CE.NFO,2020-06-01,14:53:59,833.1,833.1,818.5,818.5,40,26220
1175401,BANKNIFTY04JUN2019300CE.NFO,2020-06-01,14:54:59,818.5,818.5,818.5,818.5,20,26180
1175402,BANKNIFTY04JUN2019300CE.NFO,2020-06-01,14:56:59,818.5,818.5,806.05,806.05,160,26180
1175403,BANKNIFTY04JUN2019300CE.NFO,2020-06-01,14:57:59,806.05,832.95,806.05,821.3,160,26200
1175404,BANKNIFTY04JUN2019300CE.NFO,2020-06-01,14:58:59,821.3,821.3,821.3,821.3,20,26200
1175405,BANKNIFTY04JUN2019300CE.NFO,2020-06-01,14:59:59,821.3,821.3,788.8,791.0,460,26200
1175406,BANKNIFTY04JUN2019300CE.NFO,2020-06-01,15:00:59,791.0,791.0,763.15,763.15,140,26080
1175407,BANKNIFTY04JUN2019300CE.NFO,2020-06-01,15:01:59,763.15,798.8,763.15,787.85,160,26080
1175408,BANKNIFTY04JUN2019300CE.NFO,2020-06-01,15:02:59,787.85,800.15,785.65,800.1,60,26080
1175409,BANKNIFTY04JUN2019300CE.NFO,2020-06-01,15:04:59,800.1,815.65,783.8,815.6,200,26080
1175410,BANKNIFTY04JUN2019300CE.NFO,2020-06-01,15:05:59,815.6,829.85,815.6,829.85,160,26080
1175411,BANKNIFTY04JUN2019300CE.NFO,2020-06-01,15:06:59,829.85,829.85,820.1,820.1,80,26080
1175412,BANKNIFTY04JUN2019300CE.NFO,2020-06-01,15:07:59,820.1,820.1,806.25,810.05,320,26080
1175413,BANKNIFTY04JUN2019300CE.NFO,2020-06-01,15:08:59,810.05,830.1,810.05,824.9,60,26080
1175414,BANKNIFTY04JUN2019300CE.NFO,2020-06-01,15:10:59,824.9,826.55,812.1,818.35,2300,26100
1175415,BANKNIFTY04JUN2019300CE.NFO,2020-06-01,15:11:59,825.2,825.2,803.15,803.15,1240,26100
1175416,BANKNIFTY04JUN2019300CE.NFO,2020-06-01,15:12:59,803.15,805.2,803.15,803.6,40,23860
1175417,BANKNIFTY04JUN2019300CE.NFO,2020-06-01,15:13:59,803.6,808.55,800.55,807.55,240,23860
1175418,BANKNIFTY04JUN2019300CE.NFO,2020-06-01,15:14:59,807.55,818.35,800.15,800.2,560,23860
1175419,BANKNIFTY04JUN2019300CE.NFO,2020-06-01,15:15:59,800.2,808.75,791.3,791.3,340,23300
1175420,BANKNIFTY04JUN2019300CE.NFO,2020-06-01,15:16:59,791.3,794.0,791.3,792.6,40,23300
1175421,BANKNIFTY04JUN2019300CE.NFO,2020-06-01,15:17:59,792.6,792.6,777.8,777.8,40,23300
1175422,BANKNIFTY04JUN2019300CE.NFO,2020-06-01,15:18:59,777.8,782.55,777.8,782.55,20,23300
1175423,BANKNIFTY04JUN2019300CE.NFO,2020-06-01,15:19:59,782.55,789.1,774.65,774.65,160,23140
1175424,BANKNIFTY04JUN2019300CE.NFO,2020-06-01,15:20:59,774.65,777.65,768.45,777.15,1120,23140
1175425,BANKNIFTY04JUN2019300CE.NFO,2020-06-01,15:21:59,777.05,785.1,773.0,780.0,860,23480
1175426,BANKNIFTY04JUN2019300CE.NFO,2020-06-01,15:22:59,780.0,782.4,770.45,782.4,140,23480
1175427,BANKNIFTY04JUN2019300CE.NFO,2020-06-01,15:23:59,782.4,782.4,774.25,778.2,640,23480
1175428,BANKNIFTY04JUN2019300CE.NFO,2020-06-01,15:24:59,778.2,778.2,774.3,774.3,240,23480
1175429,BANKNIFTY04JUN2019300CE.NFO,2020-06-01,15:25:59,774.3,782.4,767.55,767.55,1480,23440
1175430,BANKNIFTY04JUN2019300CE.NFO,2020-06-01,15:26:59,767.55,769.6,762.55,769.6,120,23440
1175431,BANKNIFTY04JUN2019300CE.NFO,2020-06-01,15:27:59,769.6,771.4,764.2,764.2,560,23840
1175432,BANKNIFTY04JUN2019300CE.NFO,2020-06-01,15:28:59,770.0,770.0,762.0,762.0,380,23840
1175433,BANKNIFTY04JUN2019300CE.NFO,2020-06-01,15:29:59,762.0,764.15,752.0,752.0,180,23840
3459063,BANKNIFTY11JUN2019300CE.NFO,2020-06-01,09:15:59,444.35,603.7,444.35,603.7,100,0
3459064,BANKNIFTY11JUN2019300CE.NFO,2020-06-01,09:21:59,603.7,1115.75,603.7,1115.75,20,100
3459065,BANKNIFTY11JUN2019300CE.NFO,2020-06-01,09:22:59,1115.75,1115.75,746.15,746.15,20,100
3459066,BANKNIFTY11JUN2019300CE.NFO,2020-06-01,09:24:59,746.15,1113.75,746.15,1113.75,20,120
3459067,BANKNIFTY11JUN2019300CE.NFO,2020-06-01,09:33:59,1113.75,1113.75,736.85,736.85,20,120
3459068,BANKNIFTY11JUN2019300CE.NFO,2020-06-01,11:25:59,736.85,1032.95,736.85,1032.95,60,100
3459069,BANKNIFTY11JUN2019300CE.NFO,2020-06-01,12:10:59,1032.95,1136.85,1032.95,1136.85,20,100
3459070,BANKNIFTY11JUN2019300CE.NFO,2020-06-01,14:21:59,1136.85,1136.85,992.3,992.3,40,120
8369654,BANKNIFTY25JUN2019300CE.NFO,2020-06-01,09:15:59,1108.2,1108.25,1025.5,1104.25,120,1980
8369655,BANKNIFTY25JUN2019300CE.NFO,2020-06-01,09:16:59,1104.25,1168.2,1104.25,1123.15,60,1980
8369656,BANKNIFTY25JUN2019300CE.NFO,2020-06-01,09:17:59,1123.15,1170.15,1123.15,1164.9,200,2000
8369657,BANKNIFTY25JUN2019300CE.NFO,2020-06-01,09:18:59,1164.9,1220.0,1164.9,1220.0,80,2000
8369658,BANKNIFTY25JUN2019300CE.NFO,2020-06-01,09:19:59,1220.0,1271.15,1220.0,1271.15,20,2000
8369659,BANKNIFTY25JUN2019300CE.NFO,2020-06-01,09:20:59,1271.15,1271.15,1263.95,1266.1,80,1920
8369660,BANKNIFTY25JUN2019300CE.NFO,2020-06-01,09:21:59,1266.1,1299.95,1266.1,1299.95,20,1920
8369661,BANKNIFTY25JUN2019300CE.NFO,2020-06-01,09:22:59,1300.0,1302.05,1300.0,1302.05,60,1920
8369662,BANKNIFTY25JUN2019300CE.NFO,2020-06-01,09:26:59,1302.05,1302.05,1246.05,1246.05,20,1860
8369663,BANKNIFTY25JUN2019300CE.NFO,2020-06-01,09:27:59,1246.05,1290.0,1246.05,1273.0,120,1860
8369664,BANKNIFTY25JUN2019300CE.NFO,2020-06-01,09:28:59,1273.0,1273.0,1259.6,1259.6,20,1860
8369665,BANKNIFTY25JUN2019300CE.NFO,2020-06-01,09:29:59,1259.6,1259.6,1259.6,1259.6,20,1840
8369666,BANKNIFTY25JUN2019300CE.NFO,2020-06-01,09:30:59,1259.6,1300.0,1259.6,1300.0,100,1840
8369667,BANKNIFTY25JUN2019300CE.NFO,2020-06-01,09:31:59,1300.0,1305.0,1288.0,1305.0,60,1840
8369668,BANKNIFTY25JUN2019300CE.NFO,2020-06-01,09:32:59,1305.0,1328.45,1305.0,1328.45,20,1760
8369669,BANKNIFTY25JUN2019300CE.NFO,2020-06-01,09:33:59,1328.45,1350.0,1328.45,1346.85,160,1760
8369670,BANKNIFTY25JUN2019300CE.NFO,2020-06-01,09:34:59,1346.85,1379.95,1346.85,1379.95,20,1760
8369671,BANKNIFTY25JUN2019300CE.NFO,2020-06-01,09:55:59,1379.95,1379.95,1335.9,1365.9,40,1700
8369672,BANKNIFTY25JUN2019300CE.NFO,2020-06-01,10:00:59,1365.9,1365.9,1365.9,1365.9,20,1700
8369673,BANKNIFTY25JUN2019300CE.NFO,2020-06-01,10:11:59,1365.9,1365.9,1348.45,1348.45,20,1700
8369674,BANKNIFTY25JUN2019300CE.NFO,2020-06-01,10:13:59,1348.45,1348.45,1333.0,1333.0,80,1700
8369675,BANKNIFTY25JUN2019300CE.NFO,2020-06-01,10:14:59,1333.0,1333.05,1333.0,1333.05,20,1700
8369676,BANKNIFTY25JUN2019300CE.NFO,2020-06-01,10:16:59,1333.05,1333.05,1333.0,1333.0,20,1600
8369677,BANKNIFTY25JUN2019300CE.NFO,2020-06-01,10:19:59,1333.0,1333.0,1292.0,1292.0,180,1580
8369678,BANKNIFTY25JUN2019300CE.NFO,2020-06-01,10:25:59,1292.0,1301.0,1292.0,1301.0,60,1400
8369679,BANKNIFTY25JUN2019300CE.NFO,2020-06-01,10:34:59,1301.0,1305.8,1301.0,1305.8,40,1420
8369680,BANKNIFTY25JUN2019300CE.NFO,2020-06-01,10:52:59,1305.8,1353.7,1305.8,1353.7,20,1400
8369681,BANKNIFTY25JUN2019300CE.NFO,2020-06-01,11:03:59,1353.7,1353.7,1322.75,1325.0,60,1400
8369682,BANKNIFTY25JUN2019300CE.NFO,2020-06-01,11:07:59,1325.0,1330.0,1325.0,1330.0,20,1380
8369683,BANKNIFTY25JUN2019300CE.NFO,2020-06-01,11:18:59,1330.0,1330.0,1318.0,1318.0,20,1380
8369684,BANKNIFTY25JUN2019300CE.NFO,2020-06-01,11:57:59,1318.0,1365.15,1318.0,1365.15,20,1400
8369685,BANKNIFTY25JUN2019300CE.NFO,2020-06-01,12:15:59,1365.15,1450.0,1365.15,1450.0,40,1420
8369686,BANKNIFTY25JUN2019300CE.NFO,2020-06-01,12:18:59,1450.0,1539.35,1450.0,1508.0,140,1420
8369687,BANKNIFTY25JUN2019300CE.NFO,2020-06-01,12:20:59,1508.0,1508.0,1499.15,1499.15,20,1420
8369688,BANKNIFTY25JUN2019300CE.NFO,2020-06-01,12:21:59,1499.15,1499.15,1466.95,1466.95,60,1400
8369689,BANKNIFTY25JUN2019300CE.NFO,2020-06-01,12:24:59,1466.95,1466.95,1445.05,1445.05,20,1360
8369690,BANKNIFTY25JUN2019300CE.NFO,2020-06-01,12:48:59,1445.05,1445.05,1386.0,1386.0,20,1340
8369691,BANKNIFTY25JUN2019300CE.NFO,2020-06-01,13:05:59,1386.0,1423.45,1386.0,1423.45,20,1340
8369692,BANKNIFTY25JUN2019300CE.NFO,2020-06-01,13:39:59,1423.45,1423.45,1281.3,1281.3,20,1340
8369693,BANKNIFTY25JUN2019300CE.NFO,2020-06-01,13:46:59,1281.3,1281.3,1172.55,1172.55,20,1320
8369694,BANKNIFTY25JUN2019300CE.NFO,2020-06-01,13:47:59,1172.55,1237.4,1172.55,1237.4,40,1320
8369695,BANKNIFTY25JUN2019300CE.NFO,2020-06-01,14:11:59,1237.4,1237.4,1231.0,1231.0,40,1320
8369696,BANKNIFTY25JUN2019300CE.NFO,2020-06-01,14:22:59,1289.65,1289.65,1289.65,1289.65,20,1360
8369697,BANKNIFTY25JUN2019300CE.NFO,2020-06-01,14:26:59,1289.65,1289.65,1289.0,1289.0,20,1360
8369698,BANKNIFTY25JUN2019300CE.NFO,2020-06-01,14:33:59,1289.0,1330.0,1289.0,1330.0,20,1360
8369699,BANKNIFTY25JUN2019300CE.NFO,2020-06-01,15:04:59,1330.0,1330.0,1305.25,1305.25,40,1340
8369700,BANKNIFTY25JUN2019300CE.NFO,2020-06-01,15:07:59,1305.25,1305.25,1305.25,1305.25,20,1360
8369701,BANKNIFTY25JUN2019300CE.NFO,2020-06-01,15:17:59,1305.25,1305.25,1275.0,1275.0,40,1340
8369702,BANKNIFTY25JUN2019300CE.NFO,2020-06-01,15:19:59,1275.0,1298.2,1275.0,1298.2,20,1340
8369703,BANKNIFTY25JUN2019300CE.NFO,2020-06-01,15:20:59,1298.2,1298.2,1276.0,1276.0,60,1340
8369704,BANKNIFTY25JUN2019300CE.NFO,2020-06-01,15:28:59,1276.0,1276.0,1265.35,1265.35,20,1300
8369705,BANKNIFTY25JUN2019300CE.NFO,2020-06-01,15:29:59,1265.35,1270.0,1260.0,1260.0,160,1300
